{
  "0": {
    "accuracy": 0.8960396039603961,
    "separation": 17.797590519719833,
    "flipped": true
  },
  "1": {
    "accuracy": 0.9108910891089109,
    "separation": 20.1717930942134,
    "flipped": true
  },
  "2": {
    "accuracy": 0.905940594059406,
    "separation": 20.532512120513296,
    "flipped": true
  },
  "3": {
    "accuracy": 0.9108910891089109,
    "separation": 20.996568543316595,
    "flipped": true
  },
  "4": {
    "accuracy": 0.9356435643564357,
    "separation": 20.387974121627302,
    "flipped": true
  },
  "5": {
    "accuracy": 0.9455445544554455,
    "separation": 22.189523021618555,
    "flipped": true
  },
  "6": {
    "accuracy": 0.9306930693069307,
    "separation": 22.54457836501325,
    "flipped": true
  },
  "7": {
    "accuracy": 0.9554455445544554,
    "separation": 24.359266675852467,
    "flipped": true
  },
  "8": {
    "accuracy": 0.9653465346534653,
    "separation": 26.31901171558294,
    "flipped": true
  },
  "9": {
    "accuracy": 0.9653465346534653,
    "separation": 24.77774413262184,
    "flipped": true
  },
  "10": {
    "accuracy": 0.9752475247524752,
    "separation": 26.912098670245804,
    "flipped": true
  },
  "11": {
    "accuracy": 0.9702970297029703,
    "separation": 27.289817004037516,
    "flipped": true
  },
  "12": {
    "accuracy": 0.9801980198019802,
    "separation": 28.411187417798494,
    "flipped": true
  },
  "13": {
    "accuracy": 0.9851485148514851,
    "separation": 31.375432240623994,
    "flipped": true
  },
  "14": {
    "accuracy": 0.9801980198019802,
    "separation": 29.536029054070507,
    "flipped": true
  },
  "15": {
    "accuracy": 0.9900990099009901,
    "separation": 33.03402304627248,
    "flipped": true
  },
  "16": {
    "accuracy": 0.9900990099009901,
    "separation": 32.69926433506302,
    "flipped": true
  },
  "17": {
    "accuracy": 0.9702970297029703,
    "separation": 33.811594615421576,
    "flipped": true
  },
  "18": {
    "accuracy": 0.9653465346534653,
    "separation": 38.02675369355707,
    "flipped": true
  },
  "19": {
    "accuracy": 0.9702970297029703,
    "separation": 38.53607183215516,
    "flipped": true
  },
  "20": {
    "accuracy": 0.9752475247524752,
    "separation": 41.421600585711985,
    "flipped": true
  },
  "21": {
    "accuracy": 0.9801980198019802,
    "separation": 41.05592245101296,
    "flipped": true
  },
  "22": {
    "accuracy": 0.9801980198019802,
    "separation": 48.301080057101494,
    "flipped": true
  },
  "23": {
    "accuracy": 0.9801980198019802,
    "separation": 52.96166746369282,
    "flipped": true
  },
  "24": {
    "accuracy": 0.9801980198019802,
    "separation": 55.20539119672432,
    "flipped": true
  },
  "25": {
    "accuracy": 0.9752475247524752,
    "separation": 51.93261524677787,
    "flipped": true
  }
}