{
  "best_layer": 15,
  "best_probe_accuracy": 0.9900990099009901,
  "best_probe_f1": 0.9900990099009901,
  "best_probe_auc": 0.9976472894814233
}