{
  "pc1_variance": 0.2717394530773163,
  "n_dims_90pct": 14,
  "cumulative_variance": [
    27.1739444732666,
    44.254188537597656,
    53.86797332763672,
    61.39910125732422,
    66.8583755493164,
    71.70269775390625,
    75.49832153320312,
    78.84048461914062,
    81.47238159179688,
    83.94256591796875,
    86.05601501464844,
    88.00633239746094,
    89.7302474975586,
    91.38121032714844,
    92.6713638305664,
    93.90077209472656,
    94.94361877441406,
    95.84102630615234,
    96.70468139648438,
    97.52811431884766,
    98.21492004394531,
    98.80498504638672,
    99.26698303222656,
    99.67935943603516,
    100.0,
    100.0
  ]
}